277354,KS RED CUPS,9.99
512599,KS CAS TOWEL,15.79
364934,V-8 28 PACK,13.99
640825,TOPO CHICO,14.99
669190,AMY'S SOUP,11.99
1015754,CHAMELEON,21.99
22811,PROSCUITTO,11.59
721755,ROTIS CHKN,9.69
562251,SEAWD SALAD,5.89
502043,ZYRTC10MG100,35.89
1001159,VICK DYNTCMB,18.99
983491,7NUT CRUNCHY,16.99
229,EX LG EGGS,5.58
917538,JIF CRUNCHY,9.79
975250,TIKKA MASALA,12.99
637643,KS DRESS SCK,8.99
422672,VEGGIE 32 CT,13.99
404353,TOOTHPASTE,19.99
673053,KS EGG WHITE,9.99
924147,COLOMBIAN,12.99
924157,SEATTLEBLEND,12.99
5288,KS UNSLT NUT,17.99
726510,MUSCLE MILK,32.99
393950,WILDSALMNOIL,16.99
924157,SEATTLEBLEND,12.99
638642,HATH BXR 3PK,9.99
949985,ADIDASLCSOCK,12.99
921986,KS V NECK L,16.99
638642,HATH BXR 3PK,9.09
565840,IRISH 20PK,9.49
